date,venue,race_no,race_id,bet_type,bet_label,candidate_rank,buy,prob,odds_used,expected_profit_100yen,is_selected,stake_yen,return_if_hit_yen,profit_if_hit_yen,loss_amount_yen,expected_profit_yen,purchase_authorized,authorization_reason,prediction_file,prediction_created_at_jst,actual_trifecta,actual_trifecta_odds,race_status,decided_at,result_source_url,actual_trio,actual_exacta,actual_quinella,actual_bracket_exacta,actual_bracket_quinella,actual_quinella_place,payouts_trifecta_json,payouts_trio_json,payouts_exacta_json,payouts_quinella_json,payouts_quinella_place_json,payouts_bracket_exacta_json,payouts_bracket_quinella_json,start_at,close_at,actual_for_bet_type,is_decided,is_hit,seconds_before_close,is_prospective,evaluation_status,actual_return_yen,actual_profit_yen
2026-07-10,いわき平,8,081320260710,exacta,2車単,1,1-3,0.3515000830445613,35.1,1134,True,400,14040.0,13640.0,400,4536.0,False,external holdout ROI target was not met,shadow_bets_20260710.csv,2026-07-10T21:47:31+09:00,3-2-1,19.0,3,1783693385,https://www.winticket.jp/keirin/iwakidaira/racecard/2026071013/1/8,1-2-3,3-2,2-3,3-2,2-3,1-2|1-3|2-3,"{""3-2-1"": 1900}","{""1-2-3"": 170}","{""3-2"": 1490}","{""2-3"": 890}","{""1-2"": 100, ""1-3"": 160, ""2-3"": 150}",{},{},1783692600.0,1783692300.0,3-2,True,False,4649.0,True,締切前予想,0.0,-400.0
2026-07-10,いわき平,8,081320260710,exacta,2車単,3,1-5,0.1623139157573946,58.5,850,True,300,17550.0,17250.0,300,2550.0,False,external holdout ROI target was not met,shadow_bets_20260710.csv,2026-07-10T21:47:31+09:00,3-2-1,19.0,3,1783693385,https://www.winticket.jp/keirin/iwakidaira/racecard/2026071013/1/8,1-2-3,3-2,2-3,3-2,2-3,1-2|1-3|2-3,"{""3-2-1"": 1900}","{""1-2-3"": 170}","{""3-2"": 1490}","{""2-3"": 890}","{""1-2"": 100, ""1-3"": 160, ""2-3"": 150}",{},{},1783692600.0,1783692300.0,3-2,True,False,4649.0,True,締切前予想,0.0,-300.0
2026-07-10,いわき平,8,081320260710,quinella,2車複,1,1-3,0.3910448692831518,147.7,5676,True,500,73850.0,73350.0,500,28380.0,False,external holdout ROI target was not met,shadow_bets_20260710.csv,2026-07-10T21:47:31+09:00,3-2-1,19.0,3,1783693385,https://www.winticket.jp/keirin/iwakidaira/racecard/2026071013/1/8,1-2-3,3-2,2-3,3-2,2-3,1-2|1-3|2-3,"{""3-2-1"": 1900}","{""1-2-3"": 170}","{""3-2"": 1490}","{""2-3"": 890}","{""1-2"": 100, ""1-3"": 160, ""2-3"": 150}",{},{},1783692600.0,1783692300.0,2-3,True,False,4649.0,True,締切前予想,0.0,-500.0
2026-07-10,いわき平,8,081320260710,quinella,2車複,3,1-5,0.1801492659947078,221.6,3892,True,500,110800.0,110300.0,500,19460.0,False,external holdout ROI target was not met,shadow_bets_20260710.csv,2026-07-10T21:47:31+09:00,3-2-1,19.0,3,1783693385,https://www.winticket.jp/keirin/iwakidaira/racecard/2026071013/1/8,1-2-3,3-2,2-3,3-2,2-3,1-2|1-3|2-3,"{""3-2-1"": 1900}","{""1-2-3"": 170}","{""3-2"": 1490}","{""2-3"": 890}","{""1-2"": 100, ""1-3"": 160, ""2-3"": 150}",{},{},1783692600.0,1783692300.0,2-3,True,False,4649.0,True,締切前予想,0.0,-500.0
2026-07-10,いわき平,8,081320260710,trifecta,3連単,4,1-5-3,0.0781598197012492,132.4,935,True,400,52960.0,52560.0,400,3740.0,False,external holdout ROI target was not met,shadow_bets_20260710.csv,2026-07-10T21:47:31+09:00,3-2-1,19.0,3,1783693385,https://www.winticket.jp/keirin/iwakidaira/racecard/2026071013/1/8,1-2-3,3-2,2-3,3-2,2-3,1-2|1-3|2-3,"{""3-2-1"": 1900}","{""1-2-3"": 170}","{""3-2"": 1490}","{""2-3"": 890}","{""1-2"": 100, ""1-3"": 160, ""2-3"": 150}",{},{},1783692600.0,1783692300.0,3-2-1,True,False,4649.0,True,締切前予想,0.0,-400.0
2026-07-10,いわき平,9,091320260710,exacta,2車単,1,6-2,0.0600196646375702,180.0,980,True,400,72000.0,71600.0,400,3920.0,False,external holdout ROI target was not met,shadow_bets_20260710.csv,2026-07-10T21:47:31+09:00,2-1-6,40.0,3,1783694676,https://www.winticket.jp/keirin/iwakidaira/racecard/2026071013/1/9,1-2-6,2-1,1-2,2-1,1-2,1-2|1-6|2-6,"{""2-1-6"": 4000}","{""1-2-6"": 340}","{""2-1"": 1260}","{""1-2"": 320}","{""1-2"": 180, ""1-6"": 170, ""2-6"": 360}",{},{},1783693800.0,1783693500.0,2-1,True,False,5849.0,True,締切前予想,0.0,-400.0
2026-07-10,前橋,4,042220260710,quinella_place,ワイド,5,5-6,0.135392324105621,38.3,419,True,200,7660.0,7460.0,200,838.0,False,external holdout ROI target was not met,shadow_bets_20260710.csv,2026-07-10T21:47:31+09:00,5-2-4,166.0,3,1783654299,https://www.winticket.jp/keirin/maebashi/racecard/2026071022/1/4,2-4-5,5-2,2-5,5-2,2-5,2-4|2-5|4-5,"{""5-2-4"": 16600}","{""2-4-5"": 5100}","{""5-2"": 4260}","{""2-5"": 1840}","{""2-4"": 600, ""2-5"": 330, ""4-5"": 510}",{},{},1783653720.0,1783653420.0,2-4|2-5|4-5,True,False,-34231.0,False,締切後のため除外,0.0,-200.0
2026-07-10,前橋,4,042220260710,trio,3連複,1,1-5-6,0.1345211074161472,75.2,912,True,400,30080.0,29680.0,400,3648.0,False,external holdout ROI target was not met,shadow_bets_20260710.csv,2026-07-10T21:47:31+09:00,5-2-4,166.0,3,1783654299,https://www.winticket.jp/keirin/maebashi/racecard/2026071022/1/4,2-4-5,5-2,2-5,5-2,2-5,2-4|2-5|4-5,"{""5-2-4"": 16600}","{""2-4-5"": 5100}","{""5-2"": 4260}","{""2-5"": 1840}","{""2-4"": 600, ""2-5"": 330, ""4-5"": 510}",{},{},1783653720.0,1783653420.0,2-4-5,True,False,-34231.0,False,締切後のため除外,0.0,-400.0
2026-07-10,名古屋,8,084220260710,exacta,2車単,4,2-3,0.053977445212191,180.7,875,True,300,54210.0,53910.0,300,2625.0,False,external holdout ROI target was not met,shadow_bets_20260710.csv,2026-07-10T21:47:31+09:00,2-1-7,42.1,3,1783692626,https://www.winticket.jp/keirin/nagoya/racecard/2026071042/1/8,1-2-7,2-1,1-2,2-1,1-2,1-2|1-7|2-7,"{""2-1-7"": 4210}","{""1-2-7"": 1780}","{""2-1"": 300}","{""1-2"": 120}","{""1-2"": 100, ""1-7"": 1790, ""2-7"": 1700}",{},{},1783692000.0,1783691700.0,2-1,True,False,4049.0,True,締切前予想,0.0,-300.0
2026-07-10,名古屋,8,084220260710,exacta,2車単,3,2-6,0.061297343428663,180.7,1008,True,400,72280.0,71880.0,400,4032.0,False,external holdout ROI target was not met,shadow_bets_20260710.csv,2026-07-10T21:47:31+09:00,2-1-7,42.1,3,1783692626,https://www.winticket.jp/keirin/nagoya/racecard/2026071042/1/8,1-2-7,2-1,1-2,2-1,1-2,1-2|1-7|2-7,"{""2-1-7"": 4210}","{""1-2-7"": 1780}","{""2-1"": 300}","{""1-2"": 120}","{""1-2"": 100, ""1-7"": 1790, ""2-7"": 1700}",{},{},1783692000.0,1783691700.0,2-1,True,False,4049.0,True,締切前予想,0.0,-400.0
2026-07-10,名古屋,8,084220260710,quinella,2車複,2,2-3,0.0835857499616959,177.9,1387,True,500,88950.0,88450.0,500,6935.0,False,external holdout ROI target was not met,shadow_bets_20260710.csv,2026-07-10T21:47:31+09:00,2-1-7,42.1,3,1783692626,https://www.winticket.jp/keirin/nagoya/racecard/2026071042/1/8,1-2-7,2-1,1-2,2-1,1-2,1-2|1-7|2-7,"{""2-1-7"": 4210}","{""1-2-7"": 1780}","{""2-1"": 300}","{""1-2"": 120}","{""1-2"": 100, ""1-7"": 1790, ""2-7"": 1700}",{},{},1783692000.0,1783691700.0,1-2,True,False,4049.0,True,締切前予想,0.0,-500.0
2026-07-11,いわき平,5,051320260711,trio,3連複,1,2-4-7,0.1866760607309078,50.2,837,True,300,15060.0,14760.0,300,2511.0,False,external holdout ROI target was not met,shadow_bets_20260711.csv,2026-07-11T15:07:41+09:00,2-3-4,11.4,3,1783776254,https://www.winticket.jp/keirin/iwakidaira/racecard/2026071013/2/5,2-3-4,2-3,2-3,2-3,2-3,2-3|2-4|3-4,"{""2-3-4"": 1140}","{""2-3-4"": 250}","{""2-3"": 500}","{""2-3"": 210}","{""2-3"": 140, ""2-4"": 140, ""3-4"": 250}",{},{},1783775400.0,1783775100.0,2-3-4,True,False,25039.0,True,締切前予想,0.0,-300.0
2026-07-11,伊東,4,043720260711,quinella_place,ワイド,4,3-7,0.2371299997824369,34.7,723,True,300,10410.0,10110.0,300,2169.0,False,external holdout ROI target was not met,shadow_bets_20260711.csv,2026-07-11T15:07:41+09:00,4-3-1,23.3,3,1783757753,https://www.winticket.jp/keirin/ito/racecard/2026071037/2/4,1-3-4,4-3,3-4,4-3,3-4,1-3|1-4|3-4,"{""4-3-1"": 2330}","{""1-3-4"": 640}","{""4-3"": 1280}","{""3-4"": 630}","{""1-3"": 270, ""1-4"": 280, ""3-4"": 420}",{},{},1783757160.0,1783756860.0,1-3|1-4|3-4,True,False,6799.0,True,締切前予想,0.0,-300.0
2026-07-12,いわき平,4,041320260712,trifecta,3連単,4,1-3-7,0.0743458150262952,164.2,1121,True,400,65680.0,65280.0,400,4484.0,False,external holdout ROI target was not met,shadow_bets_20260712.csv,2026-07-12T16:22:44+09:00,3-1-7,133.5,3,1783861593,https://www.winticket.jp/keirin/iwakidaira/racecard/2026071013/3/4,1-3-7,3-1,1-3,3-1,1-3,1-3|1-7|3-7,"{""3-1-7"": 13350}","{""1-3-7"": 1150}","{""3-1"": 2460}","{""1-3"": 960}","{""1-3"": 190, ""1-7"": 170, ""3-7"": 800}",{},{},1783860600.0,1783860300.0,3-1-7,True,False,19336.0,True,締切前予想,0.0,-400.0
2026-07-12,いわき平,9,091320260712,quinella_place,ワイド,2,1-2,0.3906401714260553,13.2,416,True,200,2640.0,2440.0,200,832.0,False,external holdout ROI target was not met,shadow_bets_20260712.csv,2026-07-12T16:22:44+09:00,2-7-3,181.7,3,1783867563,https://www.winticket.jp/keirin/iwakidaira/racecard/2026071013/3/9,2-3-7,2-7,2-7,2-6,2-6,2-3|2-7|3-7,"{""2-7-3"": 18170}","{""2-3-7"": 1080}","{""2-7"": 4930}","{""2-7"": 2610}","{""2-3"": 260, ""2-7"": 420, ""3-7"": 230}",{},{},1783866600.0,1783866300.0,2-3|2-7|3-7,True,False,25336.0,True,締切前予想,0.0,-200.0
2026-07-12,名古屋,5,054220260712,trifecta,3連単,1,3-1-2,0.1237760174774266,229.2,2737,True,500,114600.0,114100.0,500,13685.0,False,external holdout ROI target was not met,shadow_bets_20260712.csv,2026-07-12T16:22:44+09:00,3-6-1,13.8,3,1783861848,https://www.winticket.jp/keirin/nagoya/racecard/2026071042/3/5,1-3-6,3-6,3-6,3-6,3-6,1-3|1-6|3-6,"{""3-6-1"": 1380}","{""1-3-6"": 190}","{""3-6"": 810}","{""3-6"": 590}","{""1-3"": 130, ""1-6"": 140, ""3-6"": 150}",{},{},1783861200.0,1783860900.0,3-6-1,True,False,19936.0,True,締切前予想,0.0,-500.0
2026-07-12,名古屋,5,054220260712,trifecta,3連単,2,3-1-4,0.0981101718842184,191.0,1774,True,500,95500.0,95000.0,500,8870.0,False,external holdout ROI target was not met,shadow_bets_20260712.csv,2026-07-12T16:22:44+09:00,3-6-1,13.8,3,1783861848,https://www.winticket.jp/keirin/nagoya/racecard/2026071042/3/5,1-3-6,3-6,3-6,3-6,3-6,1-3|1-6|3-6,"{""3-6-1"": 1380}","{""1-3-6"": 190}","{""3-6"": 810}","{""3-6"": 590}","{""1-3"": 130, ""1-6"": 140, ""3-6"": 150}",{},{},1783861200.0,1783860900.0,3-6-1,True,False,19936.0,True,締切前予想,0.0,-500.0
2026-07-12,名古屋,9,094220260712,exacta,2車単,1,6-7,0.1634490221123522,108.3,1670,True,500,54150.0,53650.0,500,8350.0,False,external holdout ROI target was not met,shadow_bets_20260712.csv,2026-07-12T16:22:44+09:00,3-6-1,65.9,3,1783866703,https://www.winticket.jp/keirin/nagoya/racecard/2026071042/3/9,1-3-6,3-6,3-6,3-6,3-6,1-3|1-6|3-6,"{""3-6-1"": 6590}","{""1-3-6"": 1810}","{""3-6"": 1710}","{""3-6"": 900}","{""1-3"": 240, ""1-6"": 370, ""3-6"": 290}",{},{},1783866000.0,1783865700.0,3-6,True,False,24736.0,True,締切前予想,0.0,-500.0
2026-07-12,名古屋,9,094220260712,quinella_place,ワイド,1,6-7,0.4991387309697128,12.0,499,True,200,2400.0,2200.0,200,998.0,False,external holdout ROI target was not met,shadow_bets_20260712.csv,2026-07-12T16:22:44+09:00,3-6-1,65.9,3,1783866703,https://www.winticket.jp/keirin/nagoya/racecard/2026071042/3/9,1-3-6,3-6,3-6,3-6,3-6,1-3|1-6|3-6,"{""3-6-1"": 6590}","{""1-3-6"": 1810}","{""3-6"": 1710}","{""3-6"": 900}","{""1-3"": 240, ""1-6"": 370, ""3-6"": 290}",{},{},1783866000.0,1783865700.0,1-3|1-6|3-6,True,False,24736.0,True,締切前予想,0.0,-200.0
2026-07-12,松山,7,077520260712,trifecta,3連単,2,4-1-3,0.1086658178877797,83.8,811,True,300,25140.0,24840.0,300,2433.0,False,external holdout ROI target was not met,shadow_bets_20260712.csv,2026-07-12T16:22:44+09:00,3-7-4,60.4,3,1783849306,https://www.winticket.jp/keirin/matsuyama/racecard/2026071175/2/7,3-4-7,3-7,3-7,3-6,3-6,3-4|3-7|4-7,"{""3-7-4"": 6040}","{""3-4-7"": 1160}","{""3-7"": 2260}","{""3-7"": 1110}","{""3-4"": 310, ""3-7"": 280, ""4-7"": 400}",{},{},1783848600.0,1783848300.0,3-7-4,True,False,7336.0,True,締切前予想,0.0,-300.0
2026-07-12,松山,9,097520260712,quinella_place,ワイド,2,1-4,0.4016500209804317,17.0,583,True,200,3400.0,3200.0,200,1166.0,False,external holdout ROI target was not met,shadow_bets_20260712.csv,2026-07-12T16:22:44+09:00,1-7-5,6.7,3,1783852346,https://www.winticket.jp/keirin/matsuyama/racecard/2026071175/2/9,1-5-7,1-7,1-7,1-6,1-6,1-5|1-7|5-7,"{""1-7-5"": 670}","{""1-5-7"": 290}","{""1-7"": 310}","{""1-7"": 140}","{""1-5"": 290, ""1-7"": 140, ""5-7"": 270}",{},{},1783851720.0,1783851420.0,1-5|1-7|5-7,True,False,10456.0,True,締切前予想,0.0,-200.0
2026-07-13,京王閣,5,052720260713,trio,3連複,1,1-2-5,0.3833583656778525,40.7,1460,True,500,20350.0,19850.0,500,7300.0,False,external holdout ROI target was not met,shadow_bets_20260713.csv,2026-07-13T17:40:22+09:00,1-6-5,32.3,3,1783948814,https://www.winticket.jp/keirin/keiokaku/racecard/2026071327/1/5,1-5-6,1-6,1-6,1-6,1-6,1-5|1-6|5-6,"{""1-6-5"": 3230}","{""1-5-6"": 480}","{""1-6"": 1430}","{""1-6"": 1220}","{""1-5"": 230, ""1-6"": 230, ""5-6"": 450}",{},{},1783948200.0,1783947900.0,1-5-6,True,False,15878.0,True,締切前予想,0.0,-500.0
2026-07-13,京王閣,6,062720260713,trifecta,3連単,2,6-1-4,0.0876464158145383,142.4,1148,True,400,56960.0,56560.0,400,4592.0,False,external holdout ROI target was not met,shadow_bets_20260713.csv,2026-07-13T17:40:22+09:00,1-6-3,22.2,3,1783950064,https://www.winticket.jp/keirin/keiokaku/racecard/2026071327/1/6,1-3-6,1-6,1-6,1-6,1-6,1-3|1-6|3-6,"{""1-6-3"": 2220}","{""1-3-6"": 300}","{""1-6"": 1160}","{""1-6"": 250}","{""1-3"": 240, ""1-6"": 160, ""3-6"": 170}",{},{},1783949400.0,1783949100.0,1-6-3,True,False,17078.0,True,締切前予想,0.0,-400.0
2026-07-13,京王閣,8,082720260713,quinella_place,ワイド,3,2-3,0.4246851247853913,10.2,333,True,200,2040.0,1840.0,200,666.0,False,external holdout ROI target was not met,shadow_bets_20260713.csv,2026-07-13T17:40:22+09:00,2-1-3,12.8,3,1783952344,https://www.winticket.jp/keirin/keiokaku/racecard/2026071327/1/8,1-2-3,2-1,1-2,2-1,1-2,1-2|1-3|2-3,"{""2-1-3"": 1280}","{""1-2-3"": 490}","{""2-1"": 280}","{""1-2"": 140}","{""1-2"": 100, ""1-3"": 290, ""2-3"": 310}",{},{},1783951800.0,1783951500.0,1-2|1-3|2-3,True,True,19478.0,True,締切前予想,620.0,420.0
2026-07-13,京王閣,8,082720260713,trio,3連複,3,1-2-7,0.1525987118497166,69.0,953,True,400,27600.0,27200.0,400,3812.0,False,external holdout ROI target was not met,shadow_bets_20260713.csv,2026-07-13T17:40:22+09:00,2-1-3,12.8,3,1783952344,https://www.winticket.jp/keirin/keiokaku/racecard/2026071327/1/8,1-2-3,2-1,1-2,2-1,1-2,1-2|1-3|2-3,"{""2-1-3"": 1280}","{""1-2-3"": 490}","{""2-1"": 280}","{""1-2"": 140}","{""1-2"": 100, ""1-3"": 290, ""2-3"": 310}",{},{},1783951800.0,1783951500.0,1-2-3,True,False,19478.0,True,締切前予想,0.0,-400.0
2026-07-13,広島,7,076220260713,quinella_place,ワイド,2,1-6,0.7244884543255463,8.5,516,True,200,1700.0,1500.0,200,1032.0,False,external holdout ROI target was not met,shadow_bets_20260713.csv,2026-07-13T17:40:22+09:00,6-3-7,31.6,3,1783950464,https://www.winticket.jp/keirin/hiroshima/racecard/2026071362/1/7,3-6-7,6-3,3-6,6-3,3-6,3-6|3-7|6-7,"{""6-3-7"": 3160}","{""3-6-7"": 1690}","{""6-3"": 660}","{""3-6"": 620}","{""3-6"": 300, ""3-7"": 1380, ""6-7"": 690}",{},{},1783950000.0,1783949700.0,3-6|3-7|6-7,True,False,17678.0,True,締切前予想,0.0,-200.0
2026-07-14,京王閣,1,012720260714,quinella_place,ワイド,1,3-5,0.338466021520298,12.2,313,True,200,2440.0,2240.0,200,626.0,False,external holdout ROI target was not met,shadow_bets_20260714.csv,2026-07-14T15:02:42+09:00,1-3-6,41.8,3,1784030399,https://www.winticket.jp/keirin/keiokaku/racecard/2026071327/2/1,1-3-6,1-3,1-3,1-3,1-3,1-3|1-6|3-6,"{""1-3-6"": 4180}","{""1-3-6"": 1390}","{""1-3"": 410}","{""1-3"": 260}","{""1-3"": 170, ""1-6"": 620, ""3-6"": 640}",{},{},1784029800.0,1784029500.0,1-3|1-6|3-6,True,False,20538.0,True,締切前予想,0.0,-200.0
2026-07-14,京王閣,2,022720260714,trifecta,3連単,4,1-2-3,0.0789614444046696,193.8,1430,True,500,96900.0,96400.0,500,7150.0,False,external holdout ROI target was not met,shadow_bets_20260714.csv,2026-07-14T15:02:42+09:00,7-1-3,170.2,3,1784031560,https://www.winticket.jp/keirin/keiokaku/racecard/2026071327/2/2,1-3-7,7-1,1-7,6-1,1-6,1-3|1-7|3-7,"{""7-1-3"": 17020}","{""1-3-7"": 470}","{""7-1"": 8650}","{""1-7"": 1530}","{""1-3"": 140, ""1-7"": 350, ""3-7"": 360}",{},{},1784031000.0,1784030700.0,7-1-3,True,False,21738.0,True,締切前予想,0.0,-500.0
2026-07-14,京王閣,4,042720260714,trifecta,3連単,3,2-3-1,0.0831585554342912,121.8,913,True,400,48720.0,48320.0,400,3652.0,False,external holdout ROI target was not met,shadow_bets_20260714.csv,2026-07-14T15:02:42+09:00,3-5-2,15.9,3,1784033960,https://www.winticket.jp/keirin/keiokaku/racecard/2026071327/2/4,2-3-5,3-5,3-5,3-5,3-5,2-3|2-5|3-5,"{""3-5-2"": 1590}","{""2-3-5"": 690}","{""3-5"": 640}","{""3-5"": 400}","{""2-3"": 250, ""2-5"": 780, ""3-5"": 230}",{},{},1784033400.0,1784033100.0,3-5-2,True,False,24138.0,True,締切前予想,0.0,-400.0
2026-07-14,京王閣,9,092720260714,exacta,2車単,2,1-2,0.2184622695767722,45.0,883,True,300,13500.0,13200.0,300,2649.0,False,external holdout ROI target was not met,shadow_bets_20260714.csv,2026-07-14T15:02:42+09:00,3-4-1,293.4,3,1784040001,https://www.winticket.jp/keirin/keiokaku/racecard/2026071327/2/9,1-3-4,3-4,3-4,3-4,3-4,1-3|1-4|3-4,"{""3-4-1"": 29340}","{""1-3-4"": 600}","{""3-4"": 10190}","{""3-4"": 8590}","{""1-3"": 150, ""1-4"": 240, ""3-4"": 640}",{},{},1784039400.0,1784039100.0,3-4,True,False,30138.0,True,締切前予想,0.0,-300.0
2026-07-14,佐世保,8,088520260714,exacta,2車単,2,3-5,0.1549241751078172,58.1,800,True,300,17430.0,17130.0,300,2400.0,False,external holdout ROI target was not met,shadow_bets_20260714.csv,2026-07-14T15:02:42+09:00,3-1-4,13.5,3,1784023479,https://www.winticket.jp/keirin/sasebo/racecard/2026071385/2/8,1-3-4,3-1,1-3,3-1,1-3,1-3|1-4|3-4,"{""3-1-4"": 1350}","{""1-3-4"": 290}","{""3-1"": 800}","{""1-3"": 400}","{""1-3"": 140, ""1-4"": 270, ""3-4"": 130}",{},{},1784022480.0,1784022180.0,3-1,True,False,13218.0,True,締切前予想,0.0,-300.0
2026-07-14,佐世保,9,098520260714,quinella_place,ワイド,4,2-7,0.2172428512348569,30.7,567,True,200,6140.0,5940.0,200,1134.0,False,external holdout ROI target was not met,shadow_bets_20260714.csv,2026-07-14T15:02:42+09:00,3-6-4,24.8,3,1784024839,https://www.winticket.jp/keirin/sasebo/racecard/2026071385/2/9,3-4-6,3-6,3-6,3-6,3-6,3-4|3-6|4-6,"{""3-6-4"": 2480}","{""3-4-6"": 900}","{""3-6"": 810}","{""3-6"": 450}","{""3-4"": 510, ""3-6"": 220, ""4-6"": 660}",{},{},1784023920.0,1784023620.0,3-4|3-6|4-6,True,False,14658.0,True,締切前予想,0.0,-200.0
2026-07-14,函館,8,081120260714,quinella_place,ワイド,4,3-7,0.2230711705459148,20.5,357,True,200,4100.0,3900.0,200,714.0,False,external holdout ROI target was not met,shadow_bets_20260714.csv,2026-07-14T15:02:42+09:00,5-2-4,731.8,3,1784022419,https://www.winticket.jp/keirin/hakodate/racecard/2026071411/1/8,2-4-5,5-2,2-5,5-2,2-5,2-4|2-5|4-5,"{""5-2-4"": 73180}","{""2-4-5"": 10150}","{""5-2"": 10250}","{""2-5"": 3850}","{""2-4"": 490, ""2-5"": 1470, ""4-5"": 480}",{},{},1784021760.0,1784021460.0,2-4|2-5|4-5,True,False,12498.0,True,締切前予想,0.0,-200.0
2026-07-15,京王閣,4,042720260715,trio,3連複,1,1-2-5,0.2432678768399826,41.2,902,True,400,16480.0,16080.0,400,3608.0,False,external holdout ROI target was not met,shadow_bets_20260715.csv,2026-07-15T15:05:58+09:00,2-3-1,28.4,3,1784120459,https://www.winticket.jp/keirin/keiokaku/racecard/2026071327/3/4,1-2-3,2-3,2-3,2-3,2-3,1-2|1-3|2-3,"{""2-3-1"": 2840}","{""1-2-3"": 770}","{""2-3"": 1590}","{""2-3"": 1230}","{""1-2"": 200, ""1-3"": 340, ""2-3"": 630}",{},{},1784119800.0,1784119500.0,1-2-3,True,False,23942.0,True,締切前予想,0.0,-400.0
2026-07-15,京王閣,8,082720260715,trifecta,3連単,3,2-7-1,0.0954169597977051,135.7,1195,True,400,54280.0,53880.0,400,4780.0,False,external holdout ROI target was not met,shadow_bets_20260715.csv,2026-07-15T15:05:58+09:00,5-1-2,337.8,3,1784125225,https://www.winticket.jp/keirin/keiokaku/racecard/2026071327/3/8,1-2-5,5-1,1-5,5-1,1-5,1-2|1-5|2-5,"{""5-1-2"": 33780}","{""1-2-5"": 7230}","{""5-1"": 6800}","{""1-5"": 5140}","{""1-2"": 870, ""1-5"": 950, ""2-5"": 1230}",{},{},1784124600.0,1784124300.0,5-1-2,True,False,28742.0,True,締切前予想,0.0,-400.0
2026-07-15,京王閣,8,082720260715,trifecta,3連単,1,7-2-1,0.155572995067094,98.0,1425,True,500,49000.0,48500.0,500,7125.0,False,external holdout ROI target was not met,shadow_bets_20260715.csv,2026-07-15T15:05:58+09:00,5-1-2,337.8,3,1784125225,https://www.winticket.jp/keirin/keiokaku/racecard/2026071327/3/8,1-2-5,5-1,1-5,5-1,1-5,1-2|1-5|2-5,"{""5-1-2"": 33780}","{""1-2-5"": 7230}","{""5-1"": 6800}","{""1-5"": 5140}","{""1-2"": 870, ""1-5"": 950, ""2-5"": 1230}",{},{},1784124600.0,1784124300.0,5-1-2,True,False,28742.0,True,締切前予想,0.0,-500.0
2026-07-15,広島,4,046220260715,exacta,2車単,3,2-6,0.1074085427241419,157.5,1592,True,500,78750.0,78250.0,500,7960.0,False,external holdout ROI target was not met,shadow_bets_20260715.csv,2026-07-15T15:05:58+09:00,7-6-2,47.5,3,1784119664,https://www.winticket.jp/keirin/hiroshima/racecard/2026071362/3/4,2-6-7,7-6,6-7,6-6,6-6,2-6|2-7|6-7,"{""7-6-2"": 4750}","{""2-6-7"": 350}","{""7-6"": 2020}","{""6-7"": 720}","{""2-6"": 200, ""2-7"": 330, ""6-7"": 230}",{},{},1784119200.0,1784118900.0,7-6,True,False,23342.0,True,締切前予想,0.0,-500.0
2026-07-15,広島,4,046220260715,exacta,2車単,1,6-2,0.1229135925170297,157.5,1836,True,500,78750.0,78250.0,500,9180.0,False,external holdout ROI target was not met,shadow_bets_20260715.csv,2026-07-15T15:05:58+09:00,7-6-2,47.5,3,1784119664,https://www.winticket.jp/keirin/hiroshima/racecard/2026071362/3/4,2-6-7,7-6,6-7,6-6,6-6,2-6|2-7|6-7,"{""7-6-2"": 4750}","{""2-6-7"": 350}","{""7-6"": 2020}","{""6-7"": 720}","{""2-6"": 200, ""2-7"": 330, ""6-7"": 230}",{},{},1784119200.0,1784118900.0,7-6,True,False,23342.0,True,締切前予想,0.0,-500.0
2026-07-15,広島,7,076220260715,trifecta,3連単,2,1-3-7,0.0750594849709921,179.2,1245,True,500,89600.0,89100.0,500,6225.0,False,external holdout ROI target was not met,shadow_bets_20260715.csv,2026-07-15T15:05:58+09:00,4-5-7,343.8,3,1784123310,https://www.winticket.jp/keirin/hiroshima/racecard/2026071362/3/7,4-5-7,4-5,4-5,4-5,4-5,4-5|4-7|5-7,"{""4-5-7"": 34380}","{""4-5-7"": 4580}","{""4-5"": 3690}","{""4-5"": 2930}","{""4-5"": 400, ""4-7"": 300, ""5-7"": 1180}",{},{},1784122800.0,1784122500.0,4-5-7,True,False,26942.0,True,締切前予想,0.0,-500.0
2026-07-15,広島,7,076220260715,trifecta,3連単,1,1-7-3,0.1070862339027984,179.2,1819,True,500,89600.0,89100.0,500,9095.0,False,external holdout ROI target was not met,shadow_bets_20260715.csv,2026-07-15T15:05:58+09:00,4-5-7,343.8,3,1784123310,https://www.winticket.jp/keirin/hiroshima/racecard/2026071362/3/7,4-5-7,4-5,4-5,4-5,4-5,4-5|4-7|5-7,"{""4-5-7"": 34380}","{""4-5-7"": 4580}","{""4-5"": 3690}","{""4-5"": 2930}","{""4-5"": 400, ""4-7"": 300, ""5-7"": 1180}",{},{},1784122800.0,1784122500.0,4-5-7,True,False,26942.0,True,締切前予想,0.0,-500.0
2026-07-15,広島,9,096220260715,quinella_place,ワイド,2,1-3,0.4730442079950268,8.7,312,True,200,1740.0,1540.0,200,624.0,False,external holdout ROI target was not met,shadow_bets_20260715.csv,2026-07-15T15:05:58+09:00,3-2-6,7.1,3,1784125655,https://www.winticket.jp/keirin/hiroshima/racecard/2026071362/3/9,2-3-6,3-2,2-3,3-2,2-3,2-3|2-6|3-6,"{""3-2-6"": 710}","{""2-3-6"": 290}","{""3-2"": 370}","{""2-3"": 240}","{""2-3"": 120, ""2-6"": 230, ""3-6"": 190}",{},{},1784125200.0,1784124900.0,2-3|2-6|3-6,True,False,29342.0,True,締切前予想,0.0,-200.0
2026-07-16,いわき平,7,071320260716,quinella,2車複,2,2-4,0.0717641971943689,186.0,1235,True,500,93000.0,92500.0,500,6175.0,False,external holdout ROI target was not met,shadow_bets_20260716.csv,2026-07-16T15:33:45+09:00,4-2-3,196.3,3,1784210121,https://www.winticket.jp/keirin/iwakidaira/racecard/2026071613/1/7,2-3-4,4-2,2-4,4-2,2-4,2-3|2-4|3-4,"{""4-2-3"": 19630}","{""2-3-4"": 5740}","{""4-2"": 2930}","{""2-4"": 1120}","{""2-3"": 240, ""2-4"": 300, ""3-4"": 1710}",{},{},1784209200.0,1784208900.0,2-4,True,True,25275.0,True,締切前予想,5600.0,5100.0
2026-07-16,奈良,2,025320260716,quinella,2車複,3,1-2,0.2091588666733271,81.7,1609,True,500,40850.0,40350.0,500,8045.0,False,external holdout ROI target was not met,shadow_bets_20260716.csv,2026-07-16T15:33:45+09:00,1-2-5,18.7,3,1784204408,https://www.winticket.jp/keirin/nara/racecard/2026071653/1/2,1-2-5,1-2,1-2,1-2,1-2,1-2|1-5|2-5,"{""1-2-5"": 1870}","{""1-2-5"": 870}","{""1-2"": 210}","{""1-2"": 180}","{""1-2"": 160, ""1-5"": 180, ""2-5"": 890}",{},{},1784203800.0,1784203500.0,1-2,True,True,19875.0,True,締切前予想,900.0,400.0
2026-07-16,奈良,2,025320260716,quinella,2車複,2,1-3,0.275019980158495,81.7,2147,True,500,40850.0,40350.0,500,10735.0,False,external holdout ROI target was not met,shadow_bets_20260716.csv,2026-07-16T15:33:45+09:00,1-2-5,18.7,3,1784204408,https://www.winticket.jp/keirin/nara/racecard/2026071653/1/2,1-2-5,1-2,1-2,1-2,1-2,1-2|1-5|2-5,"{""1-2-5"": 1870}","{""1-2-5"": 870}","{""1-2"": 210}","{""1-2"": 180}","{""1-2"": 160, ""1-5"": 180, ""2-5"": 890}",{},{},1784203800.0,1784203500.0,1-2,True,False,19875.0,True,締切前予想,0.0,-500.0
2026-07-16,奈良,7,075320260716,trio,3連複,1,1-2-3,0.4030710921308933,24.0,867,True,300,7200.0,6900.0,300,2601.0,False,external holdout ROI target was not met,shadow_bets_20260716.csv,2026-07-16T15:33:45+09:00,1-2-5,1.8,3,1784210350,https://www.winticket.jp/keirin/nara/racecard/2026071653/1/7,1-2-5,1-2,1-2,1-2,1-2,1-2|1-5|2-5,"{""1-2-5"": 180}","{""1-2-5"": 140}","{""1-2"": 140}","{""1-2"": 120}","{""1-2"": 100, ""1-5"": 100, ""2-5"": 120}",{},{},1784209800.0,1784209500.0,1-2-5,True,False,25875.0,True,締切前予想,0.0,-300.0
2026-07-16,西武園,3,032620260716,quinella_place,ワイド,3,2-3,0.4179550565215389,9.7,305,True,200,1940.0,1740.0,200,610.0,False,external holdout ROI target was not met,shadow_bets_20260716.csv,2026-07-16T15:33:45+09:00,1-4-2,18.2,3,1784188823,https://www.winticket.jp/keirin/seibuen/racecard/2026071626/1/3,1-2-4,1-4,1-4,1-4,1-4,1-2|1-4|2-4,"{""1-4-2"": 1820}","{""1-2-4"": 280}","{""1-4"": 750}","{""1-4"": 530}","{""1-2"": 160, ""1-4"": 190, ""2-4"": 170}",{},{},1784187960.0,1784187660.0,1-2|1-4|2-4,True,False,4035.0,True,締切前予想,0.0,-200.0
2026-07-16,西武園,3,032620260716,trifecta,3連単,2,1-3-2,0.0866335162467832,144.1,1148,True,400,57640.0,57240.0,400,4592.0,False,external holdout ROI target was not met,shadow_bets_20260716.csv,2026-07-16T15:33:45+09:00,1-4-2,18.2,3,1784188823,https://www.winticket.jp/keirin/seibuen/racecard/2026071626/1/3,1-2-4,1-4,1-4,1-4,1-4,1-2|1-4|2-4,"{""1-4-2"": 1820}","{""1-2-4"": 280}","{""1-4"": 750}","{""1-4"": 530}","{""1-2"": 160, ""1-4"": 190, ""2-4"": 170}",{},{},1784187960.0,1784187660.0,1-4-2,True,False,4035.0,True,締切前予想,0.0,-400.0
2026-07-16,西武園,4,042620260716,exacta,2車単,3,2-4,0.0929047475033999,103.8,864,True,300,31140.0,30840.0,300,2592.0,False,external holdout ROI target was not met,shadow_bets_20260716.csv,2026-07-16T15:33:45+09:00,4-3-1,2.4,3,1784190084,https://www.winticket.jp/keirin/seibuen/racecard/2026071626/1/4,1-3-4,4-3,3-4,4-3,3-4,1-3|1-4|3-4,"{""4-3-1"": 240}","{""1-3-4"": 180}","{""4-3"": 150}","{""3-4"": 140}","{""1-3"": 170, ""1-4"": 150, ""3-4"": 100}",{},{},1784189520.0,1784189220.0,4-3,True,False,5595.0,True,締切前予想,0.0,-300.0
2026-07-17,いわき平,2,021320260717,quinella_place,ワイド,4,1-4,0.1451546383753312,39.5,473,True,200,7900.0,7700.0,200,946.0,False,external holdout ROI target was not met,shadow_bets_20260717.csv,2026-07-17T15:27:52+09:00,1-2-3,2.8,3,1784290374,https://www.winticket.jp/keirin/iwakidaira/racecard/2026071613/2/2,1-2-3,1-2,1-2,1-2,1-2,1-2|1-3|2-3,"{""1-2-3"": 280}","{""1-2-3"": 130}","{""1-2"": 160}","{""1-2"": 140}","{""1-2"": 100, ""1-3"": 120, ""2-3"": 150}",{},{},1784289600.0,1784289300.0,1-2|1-3|2-3,True,False,19628.0,True,締切前予想,0.0,-200.0
2026-07-17,いわき平,6,061320260717,trifecta,3連単,2,1-3-2,0.1322648892010837,93.7,1139,True,400,37480.0,37080.0,400,4556.0,False,external holdout ROI target was not met,shadow_bets_20260717.csv,2026-07-17T15:27:52+09:00,1-6-3,98.9,3,1784295079,https://www.winticket.jp/keirin/iwakidaira/racecard/2026071613/2/6,1-3-6,1-6,1-6,1-6,1-6,1-3|1-6|3-6,"{""1-6-3"": 9890}","{""1-3-6"": 3770}","{""1-6"": 2890}","{""1-6"": 2360}","{""1-3"": 270, ""1-6"": 440, ""3-6"": 1410}",{},{},1784294400.0,1784294100.0,1-6-3,True,False,24428.0,True,締切前予想,0.0,-400.0
2026-07-17,奈良,3,035320260717,trifecta,3連単,2,1-2-6,0.1105894966572102,240.0,2554,True,500,120000.0,119500.0,500,12770.0,False,external holdout ROI target was not met,shadow_bets_20260717.csv,2026-07-17T15:27:52+09:00,1-3-2,10.1,3,1784292104,https://www.winticket.jp/keirin/nara/racecard/2026071653/2/3,1-2-3,1-3,1-3,1-3,1-3,1-2|1-3|2-3,"{""1-3-2"": 1010}","{""1-2-3"": 550}","{""1-3"": 320}","{""1-3"": 370}","{""1-2"": 140, ""1-3"": 160, ""2-3"": 420}",{},{},1784291400.0,1784291100.0,1-3-2,True,False,21428.0,True,締切前予想,0.0,-500.0
2026-07-17,奈良,3,035320260717,trio,3連複,3,1-2-3,0.115981368652708,132.0,1431,True,500,66000.0,65500.0,500,7155.0,False,external holdout ROI target was not met,shadow_bets_20260717.csv,2026-07-17T15:27:52+09:00,1-3-2,10.1,3,1784292104,https://www.winticket.jp/keirin/nara/racecard/2026071653/2/3,1-2-3,1-3,1-3,1-3,1-3,1-2|1-3|2-3,"{""1-3-2"": 1010}","{""1-2-3"": 550}","{""1-3"": 320}","{""1-3"": 370}","{""1-2"": 140, ""1-3"": 160, ""2-3"": 420}",{},{},1784291400.0,1784291100.0,1-2-3,True,True,21428.0,True,締切前予想,2750.0,2250.0
2026-07-17,奈良,3,035320260717,trio,3連複,4,1-4-6,0.0725813491785923,132.0,858,True,300,39600.0,39300.0,300,2574.0,False,external holdout ROI target was not met,shadow_bets_20260717.csv,2026-07-17T15:27:52+09:00,1-3-2,10.1,3,1784292104,https://www.winticket.jp/keirin/nara/racecard/2026071653/2/3,1-2-3,1-3,1-3,1-3,1-3,1-2|1-3|2-3,"{""1-3-2"": 1010}","{""1-2-3"": 550}","{""1-3"": 320}","{""1-3"": 370}","{""1-2"": 140, ""1-3"": 160, ""2-3"": 420}",{},{},1784291400.0,1784291100.0,1-2-3,True,False,21428.0,True,締切前予想,0.0,-300.0
2026-07-17,奈良,4,045320260717,trifecta,3連単,3,1-4-3,0.0715161767495236,205.0,1366,True,500,102500.0,102000.0,500,6830.0,False,external holdout ROI target was not met,shadow_bets_20260717.csv,2026-07-17T15:27:52+09:00,5-1-3,29.7,3,1784293185,https://www.winticket.jp/keirin/nara/racecard/2026071653/2/4,1-3-5,5-1,1-5,5-1,1-5,1-3|1-5|3-5,"{""5-1-3"": 2970}","{""1-3-5"": 540}","{""5-1"": 1880}","{""1-5"": 950}","{""1-3"": 170, ""1-5"": 360, ""3-5"": 440}",{},{},1784292600.0,1784292300.0,5-1-3,True,False,22628.0,True,締切前予想,0.0,-500.0
2026-07-17,西武園,7,072620260717,quinella_place,ワイド,1,1-4,0.8428625908031481,10.2,760,True,300,3060.0,2760.0,300,2280.0,False,external holdout ROI target was not met,shadow_bets_20260717.csv,2026-07-17T15:27:52+09:00,1-2-3,5.0,3,1784279708,https://www.winticket.jp/keirin/seibuen/racecard/2026071626/2/7,1-2-3,1-2,1-2,1-2,1-2,1-2|1-3|2-3,"{""1-2-3"": 500}","{""1-2-3"": 440}","{""1-2"": 230}","{""1-2"": 150}","{""1-2"": 110, ""1-3"": 330, ""2-3"": 360}",{},{},1784279160.0,1784278860.0,1-2|1-3|2-3,True,False,9188.0,True,締切前予想,0.0,-300.0
2026-07-18,いわき平,3,031320260718,trio,3連複,1,1-2-3,0.2816872363159501,75.2,2018,True,500,37600.0,37100.0,500,10090.0,False,external holdout ROI target was not met,shadow_bets_20260718.csv,2026-07-18T14:55:21+09:00,,,1,0,https://www.winticket.jp/keirin/iwakidaira/racecard/2026071613/3/3,,,,,,,{},{},{},{},{},{},{},1784377200.0,1784376900.0,,False,False,22779.0,True,締切前予想,,
2026-07-18,いわき平,3,031320260718,trio,3連複,2,1-2-7,0.1675502085312137,112.8,1790,True,500,56400.0,55900.0,500,8950.0,False,external holdout ROI target was not met,shadow_bets_20260718.csv,2026-07-18T14:55:21+09:00,,,1,0,https://www.winticket.jp/keirin/iwakidaira/racecard/2026071613/3/3,,,,,,,{},{},{},{},{},{},{},1784377200.0,1784376900.0,,False,False,22779.0,True,締切前予想,,
2026-07-18,いわき平,5,051320260718,trifecta,3連単,2,1-3-2,0.1173116868880059,76.9,802,True,300,23070.0,22770.0,300,2406.0,False,external holdout ROI target was not met,shadow_bets_20260718.csv,2026-07-18T14:55:21+09:00,,,1,0,https://www.winticket.jp/keirin/iwakidaira/racecard/2026071613/3/5,,,,,,,{},{},{},{},{},{},{},1784379600.0,1784379300.0,,False,False,25179.0,True,締切前予想,,
2026-07-18,いわき平,9,091320260718,exacta,2車単,4,1-5,0.0667289482750751,147.7,886,True,300,44310.0,44010.0,300,2658.0,False,external holdout ROI target was not met,shadow_bets_20260718.csv,2026-07-18T14:55:21+09:00,,,1,0,https://www.winticket.jp/keirin/iwakidaira/racecard/2026071613/3/9,,,,,,,{},{},{},{},{},{},{},1784384400.0,1784384100.0,,False,False,29979.0,True,締切前予想,,
2026-07-18,奈良,2,025320260718,trifecta,3連単,3,1-3-2,0.0734650616924492,148.5,991,True,400,59400.0,59000.0,400,3964.0,False,external holdout ROI target was not met,shadow_bets_20260718.csv,2026-07-18T14:55:21+09:00,,,1,0,https://www.winticket.jp/keirin/nara/racecard/2026071653/3/2,,,,,,,{},{},{},{},{},{},{},1784376600.0,1784376300.0,,False,False,22179.0,True,締切前予想,,
2026-07-18,奈良,4,045320260718,trifecta,3連単,3,1-2-4,0.0711333735880114,190.5,1255,True,500,95250.0,94750.0,500,6275.0,False,external holdout ROI target was not met,shadow_bets_20260718.csv,2026-07-18T14:55:21+09:00,,,1,0,https://www.winticket.jp/keirin/nara/racecard/2026071653/3/4,,,,,,,{},{},{},{},{},{},{},1784379000.0,1784378700.0,,False,False,24579.0,True,締切前予想,,
2026-07-18,奈良,4,045320260718,trifecta,3連単,1,2-1-4,0.0852055526091975,254.0,2064,True,500,127000.0,126500.0,500,10320.0,False,external holdout ROI target was not met,shadow_bets_20260718.csv,2026-07-18T14:55:21+09:00,,,1,0,https://www.winticket.jp/keirin/nara/racecard/2026071653/3/4,,,,,,,{},{},{},{},{},{},{},1784379000.0,1784378700.0,,False,False,24579.0,True,締切前予想,,
2026-07-18,奈良,9,095320260718,exacta,2車単,1,1-4,0.2243164742214483,61.1,1271,True,500,30550.0,30050.0,500,6355.0,False,external holdout ROI target was not met,shadow_bets_20260718.csv,2026-07-18T14:55:21+09:00,,,1,0,https://www.winticket.jp/keirin/nara/racecard/2026071653/3/9,,,,,,,{},{},{},{},{},{},{},1784385000.0,1784384700.0,,False,False,30579.0,True,締切前予想,,
2026-07-18,奈良,9,095320260718,quinella_place,ワイド,2,1-3,0.394992005770457,11.5,354,True,200,2300.0,2100.0,200,708.0,False,external holdout ROI target was not met,shadow_bets_20260718.csv,2026-07-18T14:55:21+09:00,,,1,0,https://www.winticket.jp/keirin/nara/racecard/2026071653/3/9,,,,,,,{},{},{},{},{},{},{},1784385000.0,1784384700.0,,False,False,30579.0,True,締切前予想,,
2026-07-18,奈良,9,095320260718,quinella_place,ワイド,1,1-4,0.6087198667220358,9.3,466,True,200,1860.0,1660.0,200,932.0,False,external holdout ROI target was not met,shadow_bets_20260718.csv,2026-07-18T14:55:21+09:00,,,1,0,https://www.winticket.jp/keirin/nara/racecard/2026071653/3/9,,,,,,,{},{},{},{},{},{},{},1784385000.0,1784384700.0,,False,False,30579.0,True,締切前予想,,
2026-07-18,松阪,11,114720260718,trifecta,3連単,2,5-2-4,0.1238281686141368,77.0,853,True,300,23100.0,22800.0,300,2559.0,False,external holdout ROI target was not met,shadow_bets_20260718.csv,2026-07-18T14:55:21+09:00,2-1-6,90.3,3,1784357860,https://www.winticket.jp/keirin/matsusaka/racecard/2026071647/3/11,1-2-6,2-1,1-2,2-1,1-2,1-2|1-6|2-6,"{""2-1-6"": 9030}","{""1-2-6"": 2330}","{""2-1"": 1770}","{""1-2"": 1160}","{""1-2"": 530, ""1-6"": 850, ""2-6"": 500}",{},{},1784357100.0,1784356800.0,2-1-6,True,False,2679.0,True,締切前予想,0.0,-300.0
2026-07-18,西武園,1,012620260718,trifecta,3連単,2,5-4-3,0.0893340669052022,122.6,995,True,400,49040.0,48640.0,400,3980.0,False,external holdout ROI target was not met,shadow_bets_20260718.csv,2026-07-18T14:55:21+09:00,4-3-7,4.2,3,1784356646,https://www.winticket.jp/keirin/seibuen/racecard/2026071626/3/1,3-4-7,4-3,3-4,4-3,3-4,3-4|3-7|4-7,"{""4-3-7"": 420}","{""3-4-7"": 170}","{""4-3"": 250}","{""3-4"": 130}","{""3-4"": 100, ""3-7"": 110, ""4-7"": 150}",{},{},1784356020.0,1784355720.0,4-3-7,True,False,1599.0,True,締切前予想,0.0,-400.0
2026-07-18,西武園,2,022620260718,trifecta,3連単,4,7-1-3,0.0726804555650362,152.0,1005,True,400,60800.0,60400.0,400,4020.0,False,external holdout ROI target was not met,shadow_bets_20260718.csv,2026-07-18T14:55:21+09:00,1-3-2,69.9,3,1784358330,https://www.winticket.jp/keirin/seibuen/racecard/2026071626/3/2,1-2-3,1-3,1-3,1-3,1-3,1-2|1-3|2-3,"{""1-3-2"": 6990}","{""1-2-3"": 5440}","{""1-3"": 220}","{""1-3"": 130}","{""1-2"": 640, ""1-3"": 110, ""2-3"": 850}",{},{},1784357640.0,1784357340.0,1-3-2,True,False,3219.0,True,締切前予想,0.0,-400.0
2026-07-18,西武園,3,032620260718,exacta,2車単,6,2-3,0.0808107949641928,195.0,1476,True,500,97500.0,97000.0,500,7380.0,False,external holdout ROI target was not met,shadow_bets_20260718.csv,2026-07-18T14:55:21+09:00,,,1,0,https://www.winticket.jp/keirin/seibuen/racecard/2026071626/3/3,,,,,,,{},{},{},{},{},{},{},1784359140.0,1784358840.0,,False,False,4719.0,True,締切前予想,,
2026-07-18,西武園,6,062620260718,exacta,2車単,1,3-4,0.1312021402991654,165.7,2074,True,500,82850.0,82350.0,500,10370.0,False,external holdout ROI target was not met,shadow_bets_20260718.csv,2026-07-18T14:55:21+09:00,,,1,0,https://www.winticket.jp/keirin/seibuen/racecard/2026071626/3/6,,,,,,,{},{},{},{},{},{},{},1784363940.0,1784363640.0,,False,False,9519.0,True,締切前予想,,
2026-07-18,西武園,6,062620260718,quinella_place,ワイド,1,3-4,0.4804704879239664,9.0,332,True,200,1800.0,1600.0,200,664.0,False,external holdout ROI target was not met,shadow_bets_20260718.csv,2026-07-18T14:55:21+09:00,,,1,0,https://www.winticket.jp/keirin/seibuen/racecard/2026071626/3/6,,,,,,,{},{},{},{},{},{},{},1784363940.0,1784363640.0,,False,False,9519.0,True,締切前予想,,
